{
    "Name":"Panamera Turbo",
    "Brand":"Porsche",
    "Author":"BeamNG",
    "Country":"Germany",
    "Type":"Car",
    "Body Style":"Liftback",
    "Years":{"min":2017, "max":2020},
    "Derby Class":"Sport Car",
    "default_pc":"turbo",
    "default_color":"Brilliant Blue",
    "colors":{
        "Pearl White": "0.97 0.98 0.95 1.1",
        "Bone White": "0.89 0.855 0.788 1.3",
        "Charcoal": "0.15 0.15 0.15 1.2",
        "Silver": "0.65 0.65 0.65 1.3",
        "Gray": "0.5 0.5 0.5 1.2",
        "Carbon Gray": "0.33 0.33 0.33 1.2",
        "Cream": "1 0.9 0.8 1.3",
		"Limoncello": "0.87 0.8 0.6 1.2",
		"Butterscotch": "0.810 0.638 0.476 1.3",
        "Light Brown": "0.525 0.41 0.30 1.2",
		"Chocolate Brown": "0.488 0.316 0.192 1.3",
		"Deep Plum": "0.242 0.11 0.124 1.3",
        "Jet Black": "0 0 0 1.3",
        "Fire Red": "0.8 0.1 0.1 1.3",
        "Scarlet Red": "0.58 0.12 0.12 1.2",
        "Flame Orange": "0.9 0.4 0 1.2",
        "Burgundy": "0.5 0 0 1.2",
        "Maroon": "0.3 0.03 0.05 1.2",
        "Champagne": "0.663 0.594 0.533 1.2",
		"Quicksilver": "0.52 0.485 0.46 1.3",
        "Dusted Mica": "0.50 0.42 0.39 1.3",
        "Forest Green": "0.08 0.18 0.105 1.2",
        "Verdant Green": "0.18 0.36 0.09 1.2",
        "Army Green": "0.275 0.302 0.25 2.0",
        "Seafoam Green": "0.24 0.48 0.48 1.2",
        "Opal Green": "0.22 0.37 0.33 1.2",
        "Sea Blue": "0.10 0.22 0.50 1.2",
        "Taxi Yellow": "0.9 0.65 0.1 1.3",
        "Royal Blue": "0.0 0.1 0.42 1.2",
        "Aquamarine": "0.05 0.50 0.70 1.2",
        "Midnight Pearl": "0 0.04 0.13 1.2",
        "Brilliant Blue": "0.05 0.35 0.8 1.2",
        "Solar Yellow": "0.82 0.62 0.1 1.3",
		"Autumn Yellow": "0.521 0.396 0.189 1.2",
        "Vibrant Red": "0.72 0.13 0.13 1.2",
        "Pleasant Blue": "0.35 0.50 0.65 1.2",
        "Bermuda Blue": "0.06 0.145 0.17 1.2",
        "Shadow Blue": "0.12 0.20 0.3 1.2",
        "Navy Blue": "0.0 0.07 0.23 1.2"
    }
}