{
"0-120 mph":35.1,
"Performance Class":"5",
"Drivetrain":"RWD",
"0-100 km/h":8.6,
"Years":{
  "max":1997,
  "min":1993
},
"100-200 km/h":33.1,
"Weight":1855,
"0-200 km/h":41.7,
"0-100 mph":20.1,
"Transmission":"Automatic",
"Torque":380,
"Value":9000,
"default_color":"Taxi Yellow",
"TorquePeakRPM":"2750 - 4100",
"PowerPeakRPM":"4850 - 5700",
"Off-Road Score":25,
"Configuration":"Tourist",
"Population":50,
"Induction Type":"NA",
"60-100 mph":11.9,
"0-60 mph":8.2,
"Config Type":"Tourist",
"100-0 km/h":40.4,
"Top Speed":57.0983,
"Power":240,
"Propulsion":"ICE",
"Fuel Type":"Gasoline",
"Description":"Tourist",
"Weight/Power":7.72917,
"60-0 mph":123.3,
"60-120 mph":27.3,
"Braking G":0.973
}