{
 "primary": {
    "name": "primary",
    "mapTo": "primary",
    "class": "material",
    "persistentId": "2d70115e-c65c-41d5-aa78-520b09baaf4f",
    "Stages": [
      {
        "colorMap": "1.png",
        "pixelSpecular": true
      },
      {
        "colorMap": "1.png",
        "diffuseColor": [
          1,
          1,
          1,
          0.5
        ],
        "instanceDiffuse": true,
        "pixelSpecular": true,
        "specular": [
          0.494117677,
          0.494117677,
          0.494117677,
          0.00800000038
        ]
      },
      {},
      {}
    ],
    "doubleSided": true,
    "dynamicCubemap": true,
    "materialTag0": "vehicle"
},
  "etk800_glass" : {
    "name" : "etk800_glass",
    "class" : "Material",
    "persistentId" : "37cef875-ae9d-47f6-ac1e-e54168674585",
    "Stages" : [
      {
        "colorMap" : "vehicles/etk800/etk800_glass_d.dds",
        "diffuseColor" : [ 1, 1.5, 1.5, 1 ],
        "normalMap" : "vehicles/common/null_n.dds",
        "opacityMap" : "vehicles/etk800/etk800_glass_d.dds",
        "pixelSpecular" : true,
        "reflectivityMap" : "vehicles/common/glass_base.dds",
        "specularMap" : "vehicles/common/null.dds",
        "specularPower" : 128,
        "useAnisotropic" : true
      },
      {
        "colorMap" : "vehicles/etk800/etk800_glass_da.dds",
        "diffuseColor" : [ 0.5, 0.5, 0.5, 0.75 ]
      },
      {},
      {}
    ],
    "alphaRef" : 0,
    "castShadows" : false,
    "dynamicCubemap" : true,
    "mapTo" : "etk800_glass",
    "materialTag0" : "beamng",
    "materialTag1" : "vehicle",
    "translucent" : true
  },
  "etk800_glass_dmg" : {
    "name" : "etk800_glass_dmg",
    "class" : "Material",
    "persistentId" : "f3b1c032-c8bd-4f05-a72e-010f73003a1b",
    "Stages" : [
      {
        "colorMap" : "vehicles/etk800/etk800_glass_dmg_d.dds",
        "diffuseColor" : [ 1, 1, 1, 1.5 ],
        "normalMap" : "vehicles/common/glass_dmg_n.dds",
        "opacityMap" : "vehicles/etk800/etk800_glass_dmg_d.dds",
        "specularMap" : "vehicles/common/glass_dmg_s.dds",
        "specularPower" : 128,
        "useAnisotropic" : true
      },
      {
        "colorMap" : "vehicles/etk800/etk800_glass_dmg_d.dds",
        "diffuseColor" : [ 1, 1, 1, 0.75 ],
        "normalMap" : "vehicles/common/glass_dmg_n.dds",
        "specularMap" : "vehicles/common/glass_dmg_s.dds",
        "specularPower" : 128
      },
      {},
      {}
    ],
    "alphaRef" : 0,
    "castShadows" : false,
    "dynamicCubemap" : true,
    "mapTo" : "etk800_glass_dmg",
    "materialTag0" : "beamng",
    "materialTag1" : "vehicle",
    "translucent" : true
  },
  "etk800_glass_int" : {
    "name" : "etk800_glass_int",
    "class" : "Material",
    "persistentId" : "e3044c81-8dc3-4125-8830-faaba4380b1d",
    "Stages" : [
      {
        "colorMap" : "vehicles/etk800/etk800_glass_d.dds",
        "diffuseColor" : [ 0, 0, 0, 1 ],
        "pixelSpecular" : true,
        "specularMap" : "vehicles/common/null.dds",
        "specularPower" : 128,
        "useAnisotropic" : true
      },
      {},
      {},
      {}
    ],
    "alphaRef" : 0,
    "castShadows" : false,
    "mapTo" : "etk800_glass_int",
    "materialTag0" : "beamng",
    "materialTag1" : "vehicle",
    "translucent" : true
  } 
}