{
  "Name":"Lamborghini Urus",
  "Brand":"Lamborghini",
  "Author":"BeamNG",
  "Country":"italy",
  "Type":"suv",
  "Body Style":"Wagon",
  "Years":{"min":2019, "max":present},
  "Derby Class":"Mid-Size Car",
  "default_pc":"etk856t_M",
  "default_color":"Sky Blue",
  "colors":{
    "Jet Black": "0 0 0 1.2",
    "Charcoal": "0.15 0.15 0.15 1.2",
    "Carbonite": "0.17 0.16 0.15 1.2",
    "Technetium": "0.15 0.21 0.254 1.2",
    "Anthracite": "0.11 0.08 0.08 1.2",
    "Pearl White": "1 1 1 1.2",
    "Zinc": "0.66 0.655 0.65 1.2",
    "Ice": "0.63 0.69 0.83 1.2",
    "Champagne": "0.663 0.594 0.533 1.2",
    "Deep Plum": "0.242 0.11 0.124 1.3",
    "Quicksilver": "0.52 0.485 0.46 1.3",
    "Aquamarine": "0.05 0.50 0.70 1.2",
	"Gunmetal Gray": "0.288 0.258 0.244 1.2",
    "Dusted Mica": "0.50 0.42 0.39 1.3",
    "Sea Blue": "0.10 0.22 0.50 1.2",
    "Sky Blue": "0.052 0.448 0.85 1.2",
    "Electric Blue": "0.1 0.4 0.8 1.2",
    "Vivid Blue": "0.1 0.3 0.7 1.2",
    "Marine Blue": "0.0 0.124 0.355 1.2",
    "Navy Blue": "0.0 0.07 0.23 1.2",
    "Dusk": "0.06 0.04 0.16 1.2",
    "Bermuda Blue": "0.06 0.145 0.17 1.2",
    "Submarine Blue": "0.0 0.06 0.16 1.2",
    "Cold Steel": "0.149 0.241 0.391 1.2",
    "Cyan Steel": "0.047 0.234 0.33 1.2",
    "Seafoam Green": "0.24 0.48 0.48 1.2",
    "Opal Green": "0.22 0.37 0.33 1.2",
    "Cactus": "0.405 0.477 0.02 1.2",
    "Shale Green": "0.22 0.27 0.23 1.2",
    "Forest Green": "0.08 0.18 0.105 1.2",
    "Verdant Green": "0.18 0.36 0.09 1.2",
    "Earth": "0.22 0.19 0.18 1.2",
    "Light Brown": "0.6 0.51 0.43 1.3",
    "Goldenrod": "0.526 0.4168 0.0537 1.2",
    "Solar Yellow": "0.86 0.66 0.1 1.25",
    "Flame Orange": "0.9 0.4 0 1.2",
    "Burnished Bronze": "0.61 0.31 0.11 1.3",
    "Crimson Red": "0.72 0.13 0.13 1.2",
    "Scarlet Red": "0.58 0.12 0.12 1.2",
    "Burgundy": "0.5 0 0 1.2"
  }
}