{
"0-120 mph":24,
"Performance Class":"6",
"Drivetrain":"AWD",
"0-200 km/h":24.5,
"Braking G":1.135,
"100-200 km/h":18.7,
"Weight":1625,
"Off-Road Score":27,
"Body Style":"Wagon",
"Configuration":"856tx (A)",
"default_color":"Pearl White",
"Value":49500,
"Torque":320,
"TorquePeakRPM":"2400 - 4050",
"Transmission":"Automatic",
"Description":"AWD touring model with 6-cylinder engine",
"Fuel Type":"Gasoline",
"PowerPeakRPM":6450,
"Induction Type":"NA",
"60-100 mph":9,
"0-60 mph":5.5,
"Population":2000,
"100-0 km/h":34.6,
"Top Speed":71.2759,
"Power":247,
"Propulsion":"ICE",
"Config Type":"Factory",
"0-100 mph":14.5,
"Weight/Power":6.57895,
"60-0 mph":105.7,
"60-120 mph":18.5,
"0-100 km/h":5.9
}