{
  "urus_Lamborghini_UrusReward_2018BadgeA_Material" : {
    "name" : "urus_Lamborghini_UrusReward_2018BadgeA_Material",
    "mapTo" : "Lamborghini_UrusReward_2018BadgeA_Material",
    "class" : "Material",
    "persistentId" : "86f6cb74-69c9-4d59-9ab5-187367002e77",
    "Stages" : [
      {
        "diffuseColor" : [ 0.800000011920929, 0.800000011920929, 0.800000011920929, 1 ],
        "specularPower" : 25.60000038146973
      },
      {},
      {},
      {}
    ],
    "translucentBlendOp" : "None"
  },
  "urus_Lamborghini_UrusReward_2018Base_Material" : {
    "name" : "urus_Lamborghini_UrusReward_2018Base_Material",
    "mapTo" : "Lamborghini_UrusReward_2018Base_Material",
    "class" : "Material",
    "persistentId" : "012bed63-9a0b-440c-bdbc-9cfbbc1f4469",
    "Stages" : [
      {
        "diffuseColor" : [ 0, 0, 0, 1 ]
      },
      {},
      {},
      {}
    ],
    "translucentBlendOp" : "None"
  },
  "urus_Lamborghini_UrusReward_2018Carbon1M_Material" : {
    "name" : "urus_Lamborghini_UrusReward_2018Carbon1M_Material",
    "mapTo" : "Lamborghini_UrusReward_2018Carbon1M_Material",
    "class" : "Material",
    "persistentId" : "16749bd9-85d1-4538-8b94-01dc027771da",
    "Stages" : [
      {
        "diffuseColor" : [ 0.800000011920929, 0.800000011920929, 0.800000011920929, 1 ],
        "specularPower" : 25.60000038146973
      },
      {},
      {},
      {}
    ],
    "translucentBlendOp" : "None"
  },
  "urus_Lamborghini_UrusReward_2018EngineA_Material" : {
    "name" : "urus_Lamborghini_UrusReward_2018EngineA_Material",
    "mapTo" : "Lamborghini_UrusReward_2018EngineA_Material",
    "class" : "Material",
    "persistentId" : "43b8f4a8-efed-4695-94b2-4ed983d9db1e",
    "Stages" : [
      {
        "diffuseColor" : [ 0.800000011920929, 0.800000011920929, 0.800000011920929, 1 ],
        "specularPower" : 25.60000038146973
      },
      {},
      {},
      {}
    ],
    "translucentBlendOp" : "None"
  },
  "urus_Lamborghini_UrusReward_2018Grille1A_Material" : {
    "name" : "urus_Lamborghini_UrusReward_2018Grille1A_Material",
    "mapTo" : "Lamborghini_UrusReward_2018Grille1A_Material",
    "class" : "Material",
    "persistentId" : "b41a9354-1eb0-48f9-afa1-85dc01837e42",
    "Stages" : [
      {
        "diffuseColor" : [ 0.800000011920929, 0.800000011920929, 0.800000011920929, 1 ],
        "specularPower" : 25.60000038146973
      },
      {},
      {},
      {}
    ],
    "translucentBlendOp" : "None"
  },
  "urus_Lamborghini_UrusReward_2018Grille2A_Material" : {
    "name" : "urus_Lamborghini_UrusReward_2018Grille2A_Material",
    "mapTo" : "Lamborghini_UrusReward_2018Grille2A_Material",
    "class" : "Material",
    "persistentId" : "35abd80f-1e50-433c-befc-5cbde6ac4ecf",
    "Stages" : [
      {
        "diffuseColor" : [ 0.800000011920929, 0.800000011920929, 0.800000011920929, 1 ],
        "specularPower" : 25.60000038146973
      },
      {},
      {},
      {}
    ],
    "translucentBlendOp" : "None"
  },
  "urus_Lamborghini_UrusReward_2018Grille3A_Material" : {
    "name" : "urus_Lamborghini_UrusReward_2018Grille3A_Material",
    "mapTo" : "Lamborghini_UrusReward_2018Grille3A_Material",
    "class" : "Material",
    "persistentId" : "a00687ed-d74c-446d-95c8-1d15a11bb7fa",
    "Stages" : [
      {
        "diffuseColor" : [ 0.800000011920929, 0.800000011920929, 0.800000011920929, 1 ],
        "specularPower" : 25.60000038146973
      },
      {},
      {},
      {}
    ],
    "translucentBlendOp" : "None"
  },
  "urus_Lamborghini_UrusReward_2018Grille4A_Material" : {
    "name" : "urus_Lamborghini_UrusReward_2018Grille4A_Material",
    "mapTo" : "Lamborghini_UrusReward_2018Grille4A_Material",
    "class" : "Material",
    "persistentId" : "9b6c0105-43ba-42df-a67e-36ab3a526c47",
    "Stages" : [
      {
        "diffuseColor" : [ 0.800000011920929, 0.800000011920929, 0.800000011920929, 1 ],
        "specularPower" : 25.60000038146973
      },
      {},
      {},
      {}
    ],
    "translucentBlendOp" : "None"
  },
  "urus_Lamborghini_UrusReward_2018Grille6A_Material" : {
    "name" : "urus_Lamborghini_UrusReward_2018Grille6A_Material",
    "mapTo" : "Lamborghini_UrusReward_2018Grille6A_Material",
    "class" : "Material",
    "persistentId" : "8532f40c-62c7-4962-b7e1-aee4f63c0ead",
    "Stages" : [
      {
        "diffuseColor" : [ 0.800000011920929, 0.800000011920929, 0.800000011920929, 1 ],
        "specularPower" : 25.60000038146973
      },
      {},
      {},
      {}
    ],
    "translucentBlendOp" : "None"
  },
  "urus_Lamborghini_UrusReward_2018Grille7A_Material" : {
    "name" : "urus_Lamborghini_UrusReward_2018Grille7A_Material",
    "mapTo" : "Lamborghini_UrusReward_2018Grille7A_Material",
    "class" : "Material",
    "persistentId" : "06ffd15f-cd8b-464c-9137-4c5ac882abc5",
    "Stages" : [
      {
        "diffuseColor" : [ 0.800000011920929, 0.800000011920929, 0.800000011920929, 1 ],
        "specularPower" : 25.60000038146973
      },
      {},
      {},
      {}
    ],
    "translucentBlendOp" : "None"
  },
  "urus_Lamborghini_UrusReward_2018Grille8A_Material" : {
    "name" : "urus_Lamborghini_UrusReward_2018Grille8A_Material",
    "mapTo" : "Lamborghini_UrusReward_2018Grille8A_Material",
    "class" : "Material",
    "persistentId" : "b3633edb-2b90-4371-9783-8f064bb9f9ed",
    "Stages" : [
      {
        "diffuseColor" : [ 0.800000011920929, 0.800000011920929, 0.800000011920929, 1 ],
        "specularPower" : 25.60000038146973
      },
      {},
      {},
      {}
    ],
    "translucentBlendOp" : "None"
  },
  "urus_Lamborghini_UrusReward_2018Grille9A_Material" : {
    "name" : "urus_Lamborghini_UrusReward_2018Grille9A_Material",
    "mapTo" : "Lamborghini_UrusReward_2018Grille9A_Material",
    "class" : "Material",
    "persistentId" : "3e117363-1b41-4d1d-9816-e79cf160be21",
    "Stages" : [
      {
        "diffuseColor" : [ 0.800000011920929, 0.800000011920929, 0.800000011920929, 1 ],
        "specularPower" : 25.60000038146973
      },
      {},
      {},
      {}
    ],
    "translucentBlendOp" : "None"
  },
  "urus_Lamborghini_UrusReward_2018InteriorA_Material" : {
    "name" : "urus_Lamborghini_UrusReward_2018InteriorA_Material",
    "mapTo" : "Lamborghini_UrusReward_2018InteriorA_Material",
    "class" : "Material",
    "persistentId" : "3977b4c7-619a-4477-8d20-ccae708a03d1",
    "Stages" : [
      {
        "diffuseColor" : [ 0.800000011920929, 0.800000011920929, 0.800000011920929, 1 ],
        "specularPower" : 25.60000038146973
      },
      {},
      {},
      {}
    ],
    "translucentBlendOp" : "None"
  },
  "urus_Lamborghini_UrusReward_2018InteriorTillingA_Material" : {
    "name" : "urus_Lamborghini_UrusReward_2018InteriorTillingA_Material",
    "mapTo" : "Lamborghini_UrusReward_2018InteriorTillingA_Material",
    "class" : "Material",
    "persistentId" : "1417ea68-b410-44f9-8c36-d953341af638",
    "Stages" : [
      {
        "diffuseColor" : [ 0.800000011920929, 0.800000011920929, 0.800000011920929, 1 ],
        "specularPower" : 25.60000038146973
      },
      {},
      {},
      {}
    ],
    "translucentBlendOp" : "None"
  },
  "urus_Lamborghini_UrusReward_2018InteriorTillingColourZoneA_Material" : {
    "name" : "urus_Lamborghini_UrusReward_2018InteriorTillingColourZoneA_Material",
    "mapTo" : "Lamborghini_UrusReward_2018InteriorTillingColourZoneA_Material",
    "class" : "Material",
    "persistentId" : "9bf794eb-a23c-4e36-a9f0-5bfe23305929",
    "Stages" : [
      {
        "diffuseColor" : [ 0.800000011920929, 0.800000011920929, 0.800000011920929, 1 ],
        "specularPower" : 25.60000038146973
      },
      {},
      {},
      {}
    ],
    "translucentBlendOp" : "None"
  },
  "urus_Lamborghini_UrusReward_2018LicensePlateDefaultA_Material" : {
    "name" : "urus_Lamborghini_UrusReward_2018LicensePlateDefaultA_Material",
    "mapTo" : "Lamborghini_UrusReward_2018LicensePlateDefaultA_Material",
    "class" : "Material",
    "persistentId" : "328f683e-13bd-4b8b-a4f9-a159e4bb8f63",
    "Stages" : [
      {
        "diffuseColor" : [ 0.800000011920929, 0.800000011920929, 0.800000011920929, 1 ],
        "specularPower" : 25.60000038146973
      },
      {},
      {},
      {}
    ],
    "translucentBlendOp" : "None"
  },
  "urus_Lamborghini_UrusReward_2018LightA_Material" : {
    "name" : "urus_Lamborghini_UrusReward_2018LightA_Material",
    "mapTo" : "Lamborghini_UrusReward_2018LightA_Material",
    "class" : "Material",
    "persistentId" : "f3beec2d-d1a2-4a52-9942-5576803db45b",
    "Stages" : [
      {
        "diffuseColor" : [ 0.800000011920929, 0.800000011920929, 0.800000011920929, 1 ],
        "specularPower" : 25.60000038146973
      },
      {},
      {},
      {}
    ],
    "translucentBlendOp" : "None"
  },
  "urus_Lamborghini_UrusReward_2018LightEmissiveA_Material" : {
    "name" : "urus_Lamborghini_UrusReward_2018LightEmissiveA_Material",
    "mapTo" : "Lamborghini_UrusReward_2018LightEmissiveA_Material",
    "class" : "Material",
    "persistentId" : "a3c95df7-3052-4778-8679-4d00d4223cba",
    "Stages" : [
      {
        "diffuseColor" : [ 0.800000011920929, 0.800000011920929, 0.800000011920929, 1 ],
        "specularPower" : 25.60000038146973
      },
      {},
      {},
      {}
    ],
    "translucentBlendOp" : "None"
  },
  "urus_Lamborghini_UrusReward_2018ManufacturerPlateA_Material" : {
    "name" : "urus_Lamborghini_UrusReward_2018ManufacturerPlateA_Material",
    "mapTo" : "Lamborghini_UrusReward_2018ManufacturerPlateA_Material",
    "class" : "Material",
    "persistentId" : "dd1125c5-0a55-4d0f-ac5b-d365c76e3e34",
    "Stages" : [
      {
        "diffuseColor" : [ 0.800000011920929, 0.800000011920929, 0.800000011920929, 1 ],
        "specularPower" : 25.60000038146973
      },
      {},
      {},
      {}
    ],
    "translucentBlendOp" : "None"
  },
  "urus_Lamborghini_UrusReward_2018SeatBelt_Material" : {
    "name" : "urus_Lamborghini_UrusReward_2018SeatBelt_Material",
    "mapTo" : "Lamborghini_UrusReward_2018SeatBelt_Material",
    "class" : "Material",
    "persistentId" : "6b041b7e-43ab-405d-8fa3-4ca0818570e7",
    "Stages" : [
      {
        "diffuseColor" : [ 0.800000011920929, 0.800000011920929, 0.800000011920929, 1 ],
        "specularPower" : 25.60000038146973
      },
      {},
      {},
      {}
    ],
    "translucentBlendOp" : "None"
  },
  "urus_Lamborghini_UrusReward_2018WindowInside_Material" : {
    "name" : "urus_Lamborghini_UrusReward_2018WindowInside_Material",
    "mapTo" : "Lamborghini_UrusReward_2018WindowInside_Material",
    "class" : "Material",
    "persistentId" : "b88de13e-332e-4839-8a47-acb919f86e9c",
    "Stages" : [
      {
        "diffuseColor" : [ 0.800000011920929, 0.800000011920929, 0.800000011920929, 1 ],
        "specularPower" : 25.60000038146973
      },
      {},
      {},
      {}
    ],
    "translucentBlendOp" : "None"
  },
  "urus_Material_001" : {
    "name" : "urus_Material_001",
    "mapTo" : "Material.001",
    "class" : "Material",
    "persistentId" : "e4d2c8bd-1183-45b8-96b2-0615d4beb346",
    "Stages" : [
      {
        "diffuseColor" : [ 0.800000011920929, 0.800000011920929, 0.800000011920929, 1 ],
        "specularPower" : 64
      },
      {},
      {},
      {}
    ],
    "translucentBlendOp" : "None"
  },
  "urus_Material_002" : {
    "name" : "urus_Material_002",
    "mapTo" : "Material.002",
    "class" : "Material",
    "persistentId" : "2e2a7272-dcef-482f-9d39-4b4e0f730657",
    "Stages" : [
      {
        "diffuseColor" : [ 0.800000011920929, 0.800000011920929, 0.800000011920929, 1 ],
        "specularPower" : 64
      },
      {},
      {},
      {}
    ],
    "translucentBlendOp" : "None"
  },
  "urus_Material_003" : {
    "name" : "urus_Material_003",
    "mapTo" : "Material.003",
    "class" : "Material",
    "persistentId" : "5f00fa2e-001a-4b9a-8d83-7f36587b6cf2",
    "Stages" : [
      {
        "diffuseColor" : [ 0.800000011920929, 0.800000011920929, 0.800000011920929, 1 ],
        "specularPower" : 64
      },
      {},
      {},
      {}
    ],
    "translucentBlendOp" : "None"
  },
  "urus_black" : {
    "name" : "urus_black",
    "mapTo" : "black",
    "class" : "Material",
    "persistentId" : "7bab085f-dd20-46d1-936e-30f953f38880",
    "Stages" : [
      {
        "diffuseColor" : [ 0.800000011920929, 0.800000011920929, 0.800000011920929, 1 ],
        "specularPower" : 25.60000038146973
      },
      {},
      {},
      {}
    ],
    "translucentBlendOp" : "None"
  },
  "urus_rear_lights" : {
    "name" : "urus_rear_lights",
    "mapTo" : "rear_lights",
    "class" : "Material",
    "persistentId" : "a18b588e-9a9a-4d40-9e97-f2a598709b53",
    "Stages" : [
      {
        "diffuseColor" : [ 0.800000011920929, 0.800000011920929, 0.800000011920929, 1 ],
        "specularPower" : 25.60000038146973
      },
      {},
      {},
      {}
    ],
    "translucentBlendOp" : "None"
  },
  "urus_windows" : {
    "name" : "urus_windows",
    "mapTo" : "windows",
    "class" : "Material",
    "persistentId" : "c60e4d7e-4930-40c2-9b3b-a3dc52962363",
    "Stages" : [
      {
        "diffuseColor" : [ 0.800000011920929, 0.800000011920929, 0.800000011920929, 1 ],
        "specularPower" : 25.60000038146973
      },
      {},
      {},
      {}
    ],
    "translucentBlendOp" : "None"
  }
}
